,Country,1980,1985,1990,1995,2000,2008,2009,2010,2011,2012,2013,2014,2015,2018
0,Afghanistan,0.1,0.3,0.2,0.1,0.0,0.2,0.2,0.3,0.4,0.4,0.3,0.3,0.3,0.3
1,Albania,1.9,2.7,1.7,0.7,1.0,1.5,1.5,1.6,1.8,1.7,1.7,2.0,1.6,1.6
2,Algeria,3.4,3.2,3.0,3.3,2.8,3.2,3.4,3.3,3.3,3.5,3.5,3.7,3.9,3.9
3,American Samoa,0.0,0.0,0.0,0.0,0.0,0.0,0.0,0.6,0.7,0.7,0.7,0.7,0.8,0.0
4,Andorra,0.0,0.0,7.5,6.7,8.0,6.4,6.1,6.1,5.9,5.9,5.9,5.8,5.9,6.0
5,Angola,0.6,0.4,0.4,0.8,0.6,1.2,1.2,1.2,1.3,1.3,1.3,1.3,1.2,1.0
6,Antigua and Barbuda,1.9,3.6,4.2,3.7,4.1,5.2,5.4,5.5,5.4,5.4,5.4,5.4,6.2,6.2
7,Argentina,3.9,3.3,3.4,3.7,3.8,4.7,4.4,4.6,4.6,4.6,4.5,4.7,4.9,4.7
8,Armenia,0.0,0.0,0.0,1.1,1.1,1.9,1.5,1.5,1.7,2.0,1.9,1.9,1.7,2.0
9,Aruba,0.0,0.0,26.4,20.8,26.2,26.2,25.9,24.7,24.5,13.2,8.4,8.4,9.2,9.3
10,Australia,15.0,15.3,15.5,15.6,17.2,18.2,18.2,17.7,17.5,17.1,16.1,15.4,16.9,16.8
11,Austria,6.9,7.2,7.5,7.5,7.8,8.3,7.5,8.1,7.7,7.4,7.4,6.9,8.0,8.2
12,Azerbaijan,0.0,0.0,0.0,4.3,3.7,4.1,3.6,3.4,3.6,3.8,3.8,3.9,3.4,3.5
13,Bahamas,37.9,6.4,7.6,6.0,5.6,4.3,4.6,4.6,5.1,5.3,7.4,6.3,7.7,7.7
14,Bahrain,21.9,24.3,25.1,26.3,28.1,26.7,23.8,23.6,22.4,20.5,23.8,23.4,24.6,21.8
15,Bangladesh,0.1,0.1,0.1,0.2,0.2,0.3,0.4,0.4,0.4,0.4,0.4,0.5,0.5,0.6
16,Barbados,2.7,3.3,4.1,3.1,4.4,5.8,5.8,5.3,5.4,5.2,5.1,4.5,11.2,11.6
17,Belarus,0.0,0.0,0.0,6.0,5.4,6.6,6.4,6.6,6.8,6.7,6.7,6.7,6.4,6.8
18,Belgium,13.7,10.6,10.6,11.1,11.2,9.8,9.2,10.2,9.0,8.5,8.7,8.3,9.2,9.2
19,Belize,1.3,1.2,1.7,1.8,1.6,1.4,1.9,1.7,1.8,1.4,1.5,1.4,1.2,1.2
20,Benin,0.1,0.2,0.1,0.2,0.2,0.5,0.5,0.6,0.6,0.6,0.6,0.6,0.6,0.7
21,Bermuda,8.0,7.9,8.5,8.9,8.4,9.9,7.3,9.3,6.9,7.4,7.1,8.8,6.9,7.2
22,Bhutan,0.1,0.1,0.2,0.5,0.7,0.6,0.5,0.7,1.0,1.1,1.2,1.3,1.6,1.9
23,Bolivia,0.8,0.7,0.8,1.3,1.3,1.4,1.4,1.5,1.6,1.8,1.8,1.9,1.8,2.0
24,Bosnia and Herzegovina,0.0,0.0,0.0,0.9,3.7,5.4,5.5,5.7,6.5,6.1,6.1,6.2,6.8,7.8
25,Botswana,1.0,1.0,2.0,1.9,2.2,2.3,1.9,2.3,2.0,2.0,2.5,3.2,3.2,3.2
26,Brazil,1.5,1.3,1.4,1.6,1.9,2.0,1.9,2.1,2.2,2.3,2.5,2.6,2.6,2.4
27,British Virgin Islands,2.7,3.6,4.0,4.6,5.0,6.3,6.2,6.3,6.3,6.2,6.1,6.1,4.9,4.8
28,Brunei,35.5,11.6,23.9,16.1,14.1,24.0,20.5,21.1,24.6,24.2,19.2,22.1,15.6,16.0
29,Bulgaria,8.7,10.0,8.5,6.9,5.3,6.8,5.7,6.0,6.7,6.1,5.5,5.9,6.8,6.3
30,Burkina Faso,0.1,0.1,0.1,0.1,0.1,0.1,0.1,0.1,0.1,0.2,0.2,0.2,0.2,0.2
31,Burundi,0.0,0.0,0.0,0.0,0.0,0.0,0.0,0.0,0.0,0.0,0.0,0.0,0.0,0.0
32,Cape Verde,0.4,0.3,0.3,0.3,0.5,1.0,1.1,1.1,1.2,1.0,1.0,0.9,1.6,1.9
33,Cambodia,0.0,0.1,0.1,0.1,0.2,0.3,0.3,0.4,0.4,0.4,0.4,0.4,0.6,0.7
34,Cameroon,0.5,0.6,0.1,0.3,0.2,0.3,0.3,0.3,0.3,0.3,0.3,0.3,0.6,0.6
35,Canada,18.0,16.3,15.7,15.9,17.4,16.9,16.0,15.7,15.6,14.9,14.6,15.2,16.4,16.1
36,Cayman Islands,10.0,9.9,10.0,11.5,11.2,11.0,10.3,10.0,10.4,9.3,9.2,9.2,8.2,8.1
37,Central African Republic,0.0,0.1,0.1,0.1,0.1,0.1,0.1,0.1,0.1,0.1,0.1,0.1,0.1,0.1
38,Chad,0.0,0.0,0.0,0.0,0.0,0.0,0.0,0.0,0.0,0.0,0.1,0.1,0.0,0.0
39,Chile,2.2,1.8,2.5,2.9,3.9,4.3,4.0,4.3,4.6,4.7,4.8,4.7,4.8,5.0
40,China,1.5,1.9,2.2,2.8,2.7,5.7,6.0,6.6,7.2,7.4,7.6,7.5,7.7,8.0
41,Colombia,1.6,1.6,1.7,1.6,1.4,1.5,1.6,1.7,1.6,1.7,1.9,1.8,1.6,1.8
42,Comoros,0.2,0.1,0.2,0.2,0.2,0.2,0.2,0.2,0.2,0.2,0.2,0.2,0.2,0.3
43,Democratic Republic of the Congo,0.1,0.1,0.1,0.1,0.0,0.0,0.0,0.0,0.0,0.0,0.1,0.1,0.1,0.0
44,Republic of the Congo,0.2,0.6,0.5,0.6,0.3,0.3,0.4,0.5,0.5,0.6,0.6,0.6,1.2,1.3
45,Cook Islands,0.0,0.0,2.3,0.0,0.0,0.0,0.0,0.0,0.0,0.0,0.0,0.0,2.3,2.4
46,Costa Rica,1.0,0.8,1.0,1.4,1.4,1.8,1.8,1.7,1.7,1.7,1.6,1.6,1.6,1.8
47,Ivory Coast,0.8,0.7,0.4,0.5,0.4,0.3,0.3,0.3,0.3,0.4,0.5,0.5,0.5,0.6
48,Croatia,0.0,0.0,0.0,3.6,4.4,5.1,4.8,4.6,4.6,4.2,4.1,4.0,4.4,4.7
49,Cuba,3.2,3.2,3.2,2.4,2.3,2.7,2.6,3.4,3.2,3.2,3.0,3.0,2.7,2.4
50,Curaçao,0.0,0.0,0.0,0.0,0.0,0.0,0.0,0.0,0.0,39.4,33.9,37.7,46.7,52.1
51,Cyprus,4.7,4.4,5.7,6.3,7.3,7.9,7.4,6.9,6.6,6.1,5.2,5.3,5.5,6.3
52,Czech Republic,0.0,0.0,0.0,12.0,12.1,11.2,10.3,10.7,10.2,9.6,9.4,9.2,10.1,10.4
53,Denmark,11.8,11.7,9.8,10.9,9.6,8.5,8.1,8.4,7.3,6.5,6.9,5.9,6.0,5.8
54,Djibouti,1.0,0.8,0.5,0.5,0.5,0.6,0.6,0.6,0.5,0.6,0.7,0.8,1.0,1.1
55,Dominica,0.5,0.6,0.8,1.1,1.5,1.9,1.9,2.0,1.8,1.9,1.8,1.9,1.7,1.7
56,Dominican Republic,1.1,1.1,1.3,2.0,2.3,2.1,2.1,2.1,2.1,2.2,2.1,2.1,2.2,2.3
57,Ecuador,1.7,2.1,1.6,2.0,1.6,2.3,2.5,2.4,2.5,2.5,2.6,2.8,2.7,2.6
58,Egypt,1.0,1.3,1.3,1.5,2.0,2.5,2.5,2.4,2.5,2.5,2.4,2.2,2.5,2.5
59,El Salvador,0.5,0.4,0.5,0.9,1.0,1.1,1.0,1.0,1.1,1.1,1.0,1.0,1.2,1.2
60,Equatorial Guinea,0.2,0.2,0.2,0.3,0.7,5.2,5.1,4.9,6.2,4.9,4.8,4.7,3.0,2.5
61,Eritrea,0.0,0.0,0.0,0.3,0.2,0.1,0.1,0.1,0.1,0.0,0.0,0.0,0.1,0.2
62,Estonia,0.0,0.0,0.0,12.2,10.6,13.1,10.9,13.6,14.0,13.3,15.1,14.8,15.1,18.6
63,Eswatini,0.8,0.6,0.5,0.5,1.1,0.9,0.9,0.9,0.9,1.0,0.9,0.9,0.9,0.9
64,Ethiopia,0.1,0.0,0.1,0.0,0.1,0.1,0.1,0.1,0.1,0.1,0.1,0.1,0.1,0.2
65,Falkland Islands,0.0,0.0,6.5,0.0,0.0,0.0,0.0,0.0,0.0,0.0,0.0,0.0,13.0,13.6
66,Faroe Islands,0.0,0.0,0.0,0.0,0.0,0.0,0.0,0.0,0.0,0.0,0.0,0.0,0.0,0.0
67,Fiji,1.3,0.8,1.1,1.0,1.0,1.1,0.9,1.4,1.3,1.2,1.3,1.3,1.4,1.4
68,Finland,12.2,10.1,10.4,10.3,10.1,10.6,10.0,11.6,10.5,9.1,8.7,8.7,8.4,8.8
69,France,9.1,7.1,6.4,5.9,5.9,5.7,5.4,5.4,5.1,5.1,5.1,4.6,5.0,5.0
70,French Guiana,0.0,0.0,3.2,0.0,0.0,0.0,0.0,0.0,0.0,0.0,0.0,0.0,2.7,2.6
71,French Polynesia,1.9,3.3,2.2,2.0,2.4,3.2,3.2,3.2,3.1,3.0,3.0,2.9,1.9,2.0
72,Gabon,9.1,7.6,4.7,4.3,3.8,2.7,2.7,2.9,2.9,2.9,2.9,2.8,3.4,3.2
73,Gambia,0.3,0.2,0.2,0.2,0.2,0.2,0.2,0.3,0.3,0.3,0.2,0.3,0.3,0.3
74,Georgia,0.0,0.0,0.0,0.5,1.0,1.3,1.6,1.6,2.1,2.2,2.1,2.4,2.6,2.8
75,Germany,0.0,0.0,0.0,10.6,10.1,9.5,8.8,9.3,9.1,9.2,9.4,8.9,9.6,9.1
76,Ghana,0.2,0.3,0.3,0.3,0.3,0.4,0.3,0.4,0.4,0.5,0.6,0.5,0.6,0.7
77,Gibraltar,2.9,1.5,4.9,9.1,10.7,13.0,14.0,14.0,13.5,13.7,14.5,15.5,16.8,19.6
78,Greece,5.3,6.1,7.3,7.5,8.5,8.7,8.3,7.5,7.2,7.2,6.3,6.2,6.3,6.5
79,Greenland,11.2,9.6,10.0,9.0,9.5,11.7,10.2,11.7,12.4,10.0,9.8,9.0,9.2,9.4
80,Grenada,0.5,0.6,1.1,1.5,1.9,2.4,2.4,2.5,2.4,2.6,2.9,2.3,2.6,2.7
81,Guadeloupe,0.0,0.0,2.3,0.0,0.0,0.0,0.0,0.0,0.0,0.0,0.0,0.0,5.0,5.2
82,Guam,0.0,0.0,0.1,0.1,0.1,0.1,0.1,0.1,0.1,0.1,0.1,0.1,0.1,0.1
83,Guatemala,0.6,0.4,0.5,0.7,0.9,0.8,0.8,0.8,0.8,0.8,0.9,1.2,1.0,1.2
84,Guinea,0.2,0.2,0.2,0.2,0.2,0.2,0.2,0.2,0.3,0.2,0.2,0.2,0.2,0.2
85,Guinea-Bissau,0.2,0.2,0.2,0.2,0.1,0.2,0.2,0.2,0.2,0.2,0.2,0.2,0.2,0.2
86,Guyana,2.3,1.8,1.5,1.9,2.1,2.1,2.1,2.3,2.4,2.6,2.6,2.6,2.2,2.5
87,Haiti,0.1,0.1,0.1,0.1,0.2,0.2,0.2,0.2,0.2,0.2,0.2,0.3,0.3,0.3
88,Honduras,0.6,0.4,0.5,0.7,0.8,1.1,1.0,1.0,1.1,1.1,1.0,1.1,1.1,1.1
89,Hong Kong,3.3,4.2,4.8,5.1,6.1,6.3,6.0,5.8,6.2,6.1,6.3,6.4,6.2,6.1
90,Hungary,8.1,8.1,6.7,5.8,5.5,5.5,4.8,5.0,4.8,4.5,4.3,4.3,4.8,5.4
91,Iceland,8.2,6.7,7.8,7.3,7.7,6.7,6.4,6.2,5.9,5.6,5.9,6.1,11.6,12.1
92,India,0.5,0.5,0.7,0.8,1.0,1.3,1.4,1.4,1.5,1.6,1.6,1.6,1.7,1.9
93,Indonesia,0.6,0.7,0.8,1.1,1.2,1.8,1.9,1.8,2.5,2.6,1.9,1.8,1.9,2.1
94,Iran,3.1,3.4,3.7,4.5,5.6,7.4,7.5,7.7,7.8,8.0,8.0,8.3,7.8,8.9
95,Iraq,3.3,2.9,2.7,3.7,3.1,3.2,3.5,3.6,4.2,4.7,4.9,4.8,4.4,4.8
96,Ireland,7.7,7.6,8.9,9.1,10.8,9.6,8.9,8.8,7.8,7.7,7.5,7.3,8.1,7.7
97,Isle of Man,0.0,0.0,0.0,0.0,0.0,0.0,8.0,8.2,8.2,8.2,8.2,0.0,0.0,0.0
98,Israel,5.5,5.9,7.8,9.2,9.6,9.3,8.6,9.0,8.9,9.5,8.3,7.9,8.3,7.9
99,Italy,6.9,6.6,7.4,7.6,7.9,7.6,6.8,6.8,6.7,6.2,5.7,5.3,6.0,5.8
100,Jamaica,3.9,2.2,3.1,3.6,3.9,3.7,2.8,2.6,2.8,2.6,2.8,2.6,2.6,2.7
101,Japan,8.1,7.6,8.9,9.4,9.6,9.4,8.6,9.1,9.3,9.6,9.8,9.5,9.6,9.4
102,Jordan,2.0,2.9,2.9,3.0,3.0,3.3,3.2,2.9,2.9,3.1,2.9,3.0,2.8,2.6
103,Kazakhstan,0.0,0.0,0.0,10.7,7.9,14.9,13.3,15.2,15.6,14.5,15.4,14.4,14.6,16.8
104,Kenya,0.4,0.2,0.2,0.3,0.3,0.3,0.3,0.3,0.3,0.3,0.3,0.3,0.4,0.4
105,Kiribati,0.5,0.3,0.3,0.4,0.3,0.6,0.4,0.6,0.6,0.6,0.6,0.6,0.3,0.3
106,North Korea,0.0,0.0,6.5,0.0,3.0,2.9,2.9,2.7,1.9,2.0,1.4,1.6,1.0,1.2
107,South Korea,3.5,4.4,5.8,8.3,9.5,10.3,10.3,11.4,11.8,11.6,11.7,11.6,12.6,13.6
108,Kosovo,0.0,0.0,0.0,0.0,0.0,0.0,0.0,0.0,0.0,0.0,0.0,0.0,5.7,0.0
109,Kuwait,18.0,16.8,24.3,34.0,26.1,31.2,31.0,29.9,28.5,30.1,27.3,25.2,24.3,23.9
110,Kyrgyzstan,0.0,0.0,0.0,1.0,0.9,1.4,1.3,1.2,1.4,1.8,1.7,1.6,1.8,1.7
111,Laos,0.1,0.1,0.0,0.1,0.2,0.2,0.2,0.3,0.3,0.3,0.2,0.3,0.4,0.5
112,Latvia,0.0,0.0,0.0,3.8,2.7,3.6,3.4,3.8,3.5,3.5,3.5,3.5,3.9,4.1
113,Lebanon,2.4,3.0,3.0,4.5,4.7,4.2,5.0,4.6,4.5,4.6,4.3,4.3,4.3,4.2
114,Lesotho,0.0,0.0,0.9,1.0,1.0,1.1,1.1,1.1,1.1,1.2,1.1,1.2,0.3,0.3
115,Liberia,1.1,0.3,0.2,0.2,0.1,0.2,0.1,0.2,0.2,0.2,0.2,0.2,0.2,0.3
116,Libya,8.4,8.1,8.3,9.3,8.8,9.3,9.5,10.0,6.4,8.5,9.1,9.2,8.3,8.7
117,Liechtenstein,0.0,0.0,0.0,0.0,0.0,1.8,1.4,1.5,1.3,1.3,1.4,1.2,0.0,0.0
118,Lithuania,0.0,0.0,0.0,4.5,3.5,4.7,4.0,4.3,4.6,4.6,4.3,4.4,4.6,5.0
119,Luxembourg,30.3,25.0,26.2,20.4,18.9,22.4,20.9,21.6,21.1,20.1,18.5,17.4,16.5,16.9
120,Macau,2.2,2.6,3.0,3.2,3.8,2.6,3.9,2.6,2.6,2.3,2.1,2.2,1.8,2.0
121,North Macedonia,0.0,0.0,0.0,5.5,5.9,4.5,4.2,4.2,4.5,4.3,3.8,3.6,3.8,3.9
122,Madagascar,0.2,0.1,0.1,0.1,0.1,0.1,0.1,0.1,0.1,0.1,0.1,0.1,0.2,0.2
123,Malawi,0.1,0.1,0.1,0.1,0.1,0.1,0.1,0.1,0.1,0.1,0.1,0.1,0.1,0.1
124,Malaysia,2.0,2.3,3.1,5.9,5.4,7.5,7.2,7.8,7.7,7.5,8.0,8.0,8.1,8.0
125,Maldives,0.3,0.3,0.8,1.0,1.6,2.4,2.5,2.6,2.6,2.9,2.7,3.3,2.0,2.0
126,Mali,0.1,0.1,0.0,0.0,0.1,0.1,0.1,0.1,0.1,0.1,0.1,0.1,0.1,0.1
127,Malta,3.2,3.6,6.1,5.6,5.3,6.3,5.8,6.2,6.1,6.4,5.5,5.4,4.0,3.5
128,Marshall Islands,0.0,0.0,1.0,1.3,1.5,1.9,2.0,2.0,2.0,1.9,1.9,1.9,0.0,0.0
129,Martinique,0.0,0.0,2.6,0.0,0.0,0.0,0.0,0.0,0.0,0.0,0.0,0.0,6.1,6.4
130,Mauritania,0.4,0.4,0.4,0.5,0.4,0.6,0.6,0.6,0.6,0.7,0.7,0.7,0.6,0.7
131,Mauritius,0.6,0.7,1.4,1.6,2.3,3.0,3.0,3.1,3.1,3.2,3.2,3.4,3.2,3.5
132,Mexico,3.9,3.7,3.7,3.5,3.9,4.3,4.1,4.0,4.1,4.1,4.0,3.9,3.9,3.8
133,Federated States of Micronesia,0.0,0.0,0.0,1.0,1.2,1.1,1.6,1.1,1.2,1.3,1.4,1.4,0.0,0.0
134,Moldova,0.0,0.0,0.0,3.0,1.0,1.3,1.3,1.4,1.4,1.4,1.4,1.4,2.0,2.1
135,Monaco,0.0,0.0,0.0,0.0,0.0,2.8,0.0,0.0,0.0,0.0,0.0,0.0,5.0,5.0
136,Mongolia,4.1,4.7,4.6,3.4,3.1,4.6,4.9,5.1,7.8,9.3,13.5,7.1,5.8,6.3
137,Montenegro,0.0,0.0,0.0,0.0,0.0,4.5,3.0,4.2,4.1,3.8,3.6,3.6,6.0,6.3
138,Morocco,0.8,0.8,0.9,1.1,1.2,1.7,1.6,1.7,1.8,1.9,1.7,1.7,1.8,1.9
139,Mozambique,0.3,0.1,0.1,0.1,0.1,0.1,0.1,0.1,0.1,0.1,0.2,0.3,0.2,0.3
140,Myanmar,0.2,0.2,0.1,0.2,0.2,0.2,0.2,0.2,0.3,0.2,0.2,0.4,0.5,0.6
141,Namibia,0.0,0.0,0.0,1.0,0.9,1.6,1.4,1.4,1.3,1.5,1.1,1.6,1.7,1.7
142,Nauru,16.7,15.3,13.6,10.7,8.4,4.4,4.1,4.4,4.0,3.9,4.1,4.0,0.0,0.0
143,Nepal,0.0,0.0,0.0,0.1,0.1,0.1,0.2,0.2,0.2,0.2,0.2,0.3,0.2,0.3
144,Netherlands,12.5,10.2,10.6,11.6,10.9,10.8,10.4,11.0,10.4,10.2,10.3,9.9,10.0,9.5
145,New Caledonia,14.3,9.4,9.3,10.7,10.5,11.8,12.1,14.2,14.3,14.0,16.1,16.0,18.7,26.2
146,New Zealand,5.6,6.7,7.1,7.4,8.5,8.0,7.5,7.3,7.2,7.7,7.5,7.7,7.8,7.7
147,Nicaragua,0.6,0.5,0.6,0.6,0.7,0.8,0.8,0.8,0.8,0.8,0.8,0.8,0.9,1.0
148,Niger,0.1,0.1,0.1,0.1,0.1,0.1,0.1,0.1,0.1,0.1,0.1,0.1,0.1,0.1
149,Nigeria,0.9,0.8,0.4,0.3,0.6,0.6,0.5,0.6,0.6,0.6,0.6,0.5,0.5,0.6
150,Norway,9.3,9.8,7.4,7.7,8.8,11.7,11.5,12.3,9.1,9.9,11.5,9.3,8.8,9.4
151,Oman,5.2,5.8,6.3,7.2,9.7,15.5,14.3,15.6,16.7,17.1,16.5,15.4,18.8,17.6
152,Pakistan,0.4,0.5,0.6,0.7,0.8,1.0,1.0,0.9,0.9,0.9,0.9,0.9,0.9,1.0
153,Palau,12.9,11.8,15.6,13.6,13.0,12.5,12.1,12.4,12.3,12.2,12.3,12.3,56.1,58.0
154,Panama,1.6,1.2,1.1,1.1,1.9,2.1,2.4,2.5,2.7,2.7,2.8,2.3,2.9,2.8
155,Papua New Guinea,0.6,0.6,0.5,0.4,0.5,0.7,0.7,0.7,0.7,0.7,0.8,0.8,0.5,0.5
156,Paraguay,0.5,0.4,0.5,0.8,0.7,0.7,0.7,0.8,0.8,0.8,0.8,0.9,1.0,1.1
157,Peru,1.4,1.0,1.0,1.0,1.2,1.4,1.8,2.0,1.7,1.8,1.9,2.0,1.7,1.8
158,Philippines,0.8,0.5,0.7,0.9,0.9,0.9,0.8,0.9,0.9,0.9,1.0,1.1,1.2,1.4
159,Poland,13.1,12.0,9.7,8.9,7.8,8.3,7.8,8.3,8.3,7.9,7.9,7.5,8.0,8.8
160,Portugal,2.8,2.7,4.2,5.2,6.1,5.3,5.1,4.6,4.5,4.4,4.3,4.3,5.0,5.1
161,Puerto Rico,0.0,0.0,0.6,0.0,0.0,0.0,0.0,0.0,0.0,0.0,0.0,0.0,0.8,0.9
162,Qatar,58.5,33.4,24.7,61.9,58.6,46.7,43.5,40.7,41.2,44.6,37.8,45.4,39.4,38.2
163,Réunion,0.0,0.0,1.7,0.0,0.0,0.0,0.0,0.0,0.0,0.0,0.0,0.0,3.1,3.4
164,Romania,8.8,8.5,7.5,5.6,4.0,4.7,4.0,3.9,4.2,4.1,3.6,3.5,4.0,4.1
165,Russia,0.0,0.0,0.0,11.0,10.6,12.0,11.0,11.7,12.3,12.8,12.4,11.9,11.8,12.1
166,Rwanda,0.1,0.1,0.1,0.1,0.1,0.1,0.1,0.1,0.1,0.1,0.1,0.1,0.1,0.1
167,Samoa,0.6,0.7,0.6,0.7,0.8,1.0,1.0,1.0,1.1,1.0,1.0,1.0,0.6,0.7
168,San Marino,0.0,0.0,0.0,0.0,0.0,0.0,0.0,0.0,0.0,0.0,0.0,0.0,6.0,5.8
169,São Tomé and Príncipe,0.4,0.5,0.4,0.4,0.3,0.5,0.5,0.6,0.6,0.6,0.6,0.6,0.7,0.7
170,Saudi Arabia,17.4,13.1,11.4,12.6,14.3,16.6,17.6,18.9,17.7,19.4,18.1,19.5,19.3,18.6
171,Senegal,0.6,0.4,0.4,0.4,0.4,0.4,0.4,0.6,0.6,0.6,0.6,0.6,0.6,0.7
172,Serbia,0.0,0.0,0.0,0.0,0.0,7.1,6.3,6.3,6.8,6.1,6.3,5.3,6.0,6.3
173,Seychelles,1.5,2.3,2.2,2.6,7.1,8.0,6.0,4.9,3.9,5.0,4.5,5.4,9.5,10.3
174,Sierra Leone,0.2,0.2,0.1,0.1,0.1,0.1,0.1,0.1,0.1,0.2,0.2,0.2,0.2,0.2
175,Singapore,13.0,12.2,14.6,12.0,12.2,7.5,11.2,11.0,8.7,6.8,10.3,10.3,9.3,9.7
176,Sint Maarten,0.0,0.0,0.0,0.0,0.0,0.0,0.0,0.0,0.0,20.1,19.5,19.5,0.0,0.0
177,Slovakia,0.0,0.0,0.0,7.9,6.7,7.0,6.3,6.7,6.4,6.1,6.1,5.7,6.4,7.0
178,Slovenia,0.0,0.0,0.0,7.2,7.2,8.6,7.5,7.5,7.4,7.2,6.9,6.2,6.9,7.5
179,Solomon Islands,0.4,0.6,0.5,0.4,0.4,0.4,0.4,0.4,0.4,0.4,0.4,0.4,0.2,0.2
180,Somalia,0.1,0.1,0.1,0.1,0.1,0.1,0.1,0.1,0.0,0.0,0.0,0.0,0.1,0.1
181,South Africa,7.7,9.6,8.3,8.6,8.3,9.9,9.9,9.2,9.0,8.8,8.7,9.0,8.6,8.3
182,South Sudan,0.0,0.0,0.0,0.0,0.0,0.0,0.0,0.0,0.0,0.1,0.1,0.1,0.4,0.4
183,Spain,5.7,5.2,5.6,6.1,7.3,7.2,6.2,5.8,5.8,5.7,5.1,5.0,5.9,6.0
184,Sri Lanka,0.2,0.2,0.2,0.3,0.5,0.6,0.7,0.7,0.7,0.8,0.8,0.9,1.0,1.1
185,"Saint Helena, Ascension and Tristan da Cunha",0.0,0.0,1.7,0.0,0.0,0.0,0.0,0.0,0.0,0.0,0.0,0.0,3.7,4.4
186,Saint Kitts and Nevis,1.2,1.2,2.6,3.0,3.8,4.3,4.4,4.3,4.4,4.2,4.2,4.3,4.4,4.4
187,Saint Lucia,1.0,1.0,1.2,2.1,2.1,2.3,2.3,2.3,2.3,2.3,2.3,2.3,2.1,2.1
188,Saint Pierre and Miquelon,0.0,0.0,23.6,0.0,0.0,0.0,0.0,0.0,0.0,0.0,0.0,0.0,12.0,12.5
189,Saint Vincent and the Grenadines,0.4,0.6,0.8,1.2,1.4,2.1,2.9,2.0,1.8,2.3,1.9,1.9,1.6,1.7
190,Sudan,0.2,0.2,0.2,0.1,0.2,0.3,0.3,0.3,0.3,0.3,0.3,0.0,0.4,0.4
191,Suriname,6.5,4.3,4.3,4.7,4.6,3.8,3.8,4.6,3.7,4.2,3.5,3.6,3.8,4.0
192,Sweden,8.6,7.5,6.1,6.2,5.6,5.3,4.6,5.5,5.5,4.9,4.7,4.5,4.5,4.5
193,Switzerland,6.4,6.2,6.3,5.6,5.4,5.3,5.4,5.0,4.7,4.7,5.0,4.3,4.8,4.8
194,Syria,2.3,2.8,3.0,2.9,3.1,3.3,3.0,2.9,2.7,2.2,1.8,1.6,1.6,1.6
195,Taiwan,0.0,0.0,6.1,0.0,0.0,0.0,0.0,0.0,0.0,0.0,0.0,0.0,11.3,12.0
196,Tajikistan,0.0,0.0,0.0,0.4,0.4,0.4,0.3,0.3,0.3,0.4,0.4,0.6,0.6,0.7
197,Tanzania,0.1,0.1,0.1,0.1,0.1,0.1,0.1,0.2,0.2,0.2,0.2,0.2,0.2,0.2
198,Thailand,0.8,0.9,1.6,2.7,2.9,3.8,4.0,4.2,4.1,4.4,4.4,4.6,4.0,4.1
199,Timor-Leste,0.0,0.0,0.0,0.0,0.0,0.2,0.2,0.2,0.2,0.3,0.4,0.4,0.2,0.2
200,Togo,0.3,0.2,0.2,0.2,0.3,0.3,0.4,0.4,0.4,0.4,0.4,0.4,0.3,0.4
201,Tonga,0.4,0.5,0.8,1.0,1.0,1.2,1.3,1.1,1.0,1.0,1.1,1.1,1.1,1.1
202,Trinidad and Tobago,15.6,17.7,13.9,13.6,18.8,33.7,34.0,36.1,35.2,33.9,34.5,34.2,26.7,26.2
203,Tunisia,1.5,1.6,1.6,1.7,2.1,2.4,2.4,2.6,2.4,2.5,2.5,2.6,2.7,2.8
204,Turkey,1.7,2.2,2.7,2.9,3.4,4.0,3.9,4.1,4.4,4.4,4.3,4.5,4.7,5.1
205,Turkmenistan,0.0,0.0,0.0,8.1,8.3,11.5,10.1,11.3,12.1,12.3,12.4,12.5,13.4,14.4
206,Turks and Caicos Islands,0.0,0.0,2.5,3.1,3.7,6.1,5.9,6.2,6.0,6.1,6.0,6.1,4.8,4.7
207,Tuvalu,0.0,0.0,0.8,0.8,0.8,1.1,1.1,0.7,0.7,1.0,1.0,1.0,0.0,0.0
208,Uganda,0.0,0.0,0.0,0.0,0.1,0.1,0.1,0.1,0.1,0.1,0.1,0.1,0.1,0.1
209,Ukraine,0.0,0.0,0.0,8.7,6.5,6.7,5.6,6.6,6.3,6.5,6.0,5.0,4.8,4.5
210,United Arab Emirates,35.4,35.9,28.0,28.8,35.7,22.8,21.9,19.4,19.1,19.8,19.0,23.3,22.1,22.4
211,United Kingdom,10.3,9.9,9.7,9.3,9.2,8.4,7.6,7.9,7.1,7.4,7.1,6.5,6.3,5.6
212,United States,20.8,18.9,19.3,19.3,20.2,18.5,17.2,17.4,17.0,16.3,16.3,16.5,16.3,16.1
213,Uruguay,2.0,1.1,1.3,1.4,1.6,2.5,2.4,1.9,2.3,2.6,2.2,2.0,2.0,2.0
214,Uzbekistan,0.0,0.0,0.0,4.5,4.9,4.5,3.9,3.6,3.9,3.9,3.4,3.4,3.4,3.1
215,Vanuatu,0.5,0.9,0.5,0.4,0.5,0.4,0.5,0.5,0.5,0.5,0.4,0.6,0.3,0.3
216,Venezuela,5.9,5.8,6.2,6.0,6.2,6.4,6.3,6.5,6.0,6.6,6.1,6.0,5.1,3.7
217,Vietnam,0.3,0.3,0.3,0.4,0.7,1.4,1.5,1.6,1.7,1.6,1.6,1.8,2.2,2.8
218,United States Virgin Islands,0.0,0.0,0.0,0.0,0.0,0.0,0.0,0.0,0.0,0.0,0.0,0.0,0.0,0.0
219,West Bank and Gaza,0.0,0.0,0.0,0.0,0.3,0.6,0.6,0.5,0.6,0.5,0.6,0.0,0.0,0.0
220,Yemen,0.4,0.9,0.8,0.7,0.8,1.0,1.1,1.0,0.8,0.7,1.0,0.9,0.5,0.4
221,Zambia,0.6,0.4,0.3,0.2,0.2,0.2,0.2,0.2,0.2,0.2,0.3,0.3,0.3,0.3
222,Zimbabwe,1.3,1.2,1.5,1.3,1.1,0.6,0.4,0.6,0.7,0.5,0.8,0.8,0.8,0.8
